SID,SEASON,NUMBER,BASIN,SUBBASIN,NAME,ISO_TIME,NATURE,LAT,LON,WMO_WIND,WMO_PRES,WMO_AGENCY,TRACK_TYPE,DIST2LAND,LANDFALL,IFLAG,USA_AGENCY,USA_ATCF_ID,USA_LAT,USA_LON,USA_RECORD,USA_STATUS,USA_WIND,USA_PRES,USA_SSHS,USA_R34_NE,USA_R34_SE,USA_R34_SW,USA_R34_NW,USA_R50_NE,USA_R50_SE,USA_R50_SW,USA_R50_NW,USA_R64_NE,USA_R64_SE,USA_R64_SW,USA_R64_NW,USA_POCI,USA_ROCI,USA_RMW,USA_EYE,TOKYO_LAT,TOKYO_LON,TOKYO_GRADE,TOKYO_WIND,TOKYO_PRES,TOKYO_R50_DIR,TOKYO_R50_LONG,TOKYO_R50_SHORT,TOKYO_R30_DIR,TOKYO_R30_LONG,TOKYO_R30_SHORT,TOKYO_LAND,CMA_LAT,CMA_LON,CMA_CAT,CMA_WIND,CMA_PRES,HKO_LAT,HKO_LON,HKO_CAT,HKO_WIND,HKO_PRES,KMA_LAT,KMA_LON,KMA_CAT,KMA_WIND,KMA_PRES,KMA_R50_DIR,KMA_R50_LONG,KMA_R50_SHORT,KMA_R30_DIR,KMA_R30_LONG,KMA_R30_SHORT,NEWDELHI_LAT,NEWDELHI_LON,NEWDELHI_GRADE,NEWDELHI_WIND,NEWDELHI_PRES,NEWDELHI_CI,NEWDELHI_DP,NEWDELHI_POCI,REUNION_LAT,REUNION_LON,REUNION_TYPE,REUNION_WIND,REUNION_PRES,REUNION_TNUM,REUNION_CI,REUNION_RMW,REUNION_R34_NE,REUNION_R34_SE,REUNION_R34_SW,REUNION_R34_NW,REUNION_R50_NE,REUNION_R50_SE,REUNION_R50_SW,REUNION_R50_NW,REUNION_R64_NE,REUNION_R64_SE,REUNION_R64_SW,REUNION_R64_NW,BOM_LAT,BOM_LON,BOM_TYPE,BOM_WIND,BOM_PRES,BOM_TNUM,BOM_CI,BOM_RMW,BOM_R34_NE,BOM_R34_SE,BOM_R34_SW,BOM_R34_NW,BOM_R50_NE,BOM_R50_SE,BOM_R50_SW,BOM_R50_NW,BOM_R64_NE,BOM_R64_SE,BOM_R64_SW,BOM_R64_NW,BOM_ROCI,BOM_POCI,BOM_EYE,BOM_POS_METHOD,BOM_PRES_METHOD,NADI_LAT,NADI_LON,NADI_CAT,NADI_WIND,NADI_PRES,WELLINGTON_LAT,WELLINGTON_LON,WELLINGTON_WIND,WELLINGTON_PRES,DS824_LAT,DS824_LON,DS824_STAGE,DS824_WIND,DS824_PRES,TD9636_LAT,TD9636_LON,TD9636_STAGE,TD9636_WIND,TD9636_PRES,TD9635_LAT,TD9635_LON,TD9635_WIND,TD9635_PRES,TD9635_ROCI,NEUMANN_LAT,NEUMANN_LON,NEUMANN_CLASS,NEUMANN_WIND,NEUMANN_PRES,MLC_LAT,MLC_LON,MLC_CLASS,MLC_WIND,MLC_PRES,USA_GUST,BOM_GUST,BOM_GUST_PER,REUNION_GUST,REUNION_GUST_PER,USA_SEAHGT,USA_SEARAD_NE,USA_SEARAD_SE,USA_SEARAD_SW,USA_SEARAD_NW,STORM_SPEED,STORM_DIR
2022247N26147,2022,66,WP,MM,MUIFA,2022/9/3 18:00,TS,25.6,146.6, ,1006,tokyo,main,1219,1195,_O_____________, , , , , , , , ,-5, , , , , , , , , , , , , , , , ,25.6,146.6,2, ,1006,0, , ,0, , ,0, , , , , , , , , , , , , , , , , , , , , , , , , , , , , , , , , , , , , , , , , , , , , , , , , , , , , , , , , , , , , , , , , , , , , , , , , , , , , , , , , , , , , , , , , , , , , , , , , , , , , , , , , , , , , , , , , , , , , , ,6,300
2022247N26147,2022,66,WP,MM,MUIFA,2022/9/3 21:00,TS,25.8,146.3, , , ,main,1185,1170,_P_____________, , , , , , , , ,-5, , , , , , , , , , , , , , , , ,25.8,146.3,2, ,1007,0, , ,0, , , , , , , , , , , , , , , , , , , , , , , , , , , , , , , , , , , , , , , , , , , , , , , , , , , , , , , , , , , , , , , , , , , , , , , , , , , , , , , , , , , , , , , , , , , , , , , , , , , , , , , , , , , , , , , , , , , , , , , , , ,6,290
2022247N26147,2022,66,WP,MM,MUIFA,2022/9/4 0:00,TS,25.8,146, ,1008,tokyo,main,1170,1161,_O_____________, , , , , , , , ,-5, , , , , , , , , , , , , , , , ,25.8,146,2, ,1008,0, , ,0, , ,0, , , , , , , , , , , , , , , , , , , , , , , , , , , , , , , , , , , , , , , , , , , , , , , , , , , , , , , , , , , , , , , , , , , , , , , , , , , , , , , , , , , , , , , , , , , , , , , , , , , , , , , , , , , , , , , , , , , , , , ,6,265
2022247N26147,2022,66,WP,MM,MUIFA,2022/9/4 3:00,TS,25.7,145.7, , , ,main,1166,1162,_P_____________, , , , , , , , ,-5, , , , , , , , , , , , , , , , ,25.7,145.7,2, ,1007,0, , ,0, , , , , , , , , , , , , , , , , , , , , , , , , , , , , , , , , , , , , , , , , , , , , , , , , , , , , , , , , , , , , , , , , , , , , , , , , , , , , , , , , , , , , , , , , , , , , , , , , , , , , , , , , , , , , , , , , , , , , , , , , ,7,240
2022247N26147,2022,66,WP,MM,MUIFA,2022/9/4 6:00,MX,25.5,145.4, ,1006,tokyo,main,1173,1167,OO_____________,jtwc_wp,WP142022,25.4,145.6, ,DB,15,1010,-3, , , , , , , , , , , , ,1010,150, , ,25.5,145.3,2, ,1006,0, , ,0, , ,0, , , , , , , , , , , , , , , , , , , , , , , , , , , , , , , , , , , , , , , , , , , , , , , , , , , , , , , , , , , , , , , , , , , , , , , , , , , , , , , , , , , , , , , , , , , , , , , , , , , , , , , , , , , , , , , , , , , , , , ,7,245
2022247N26147,2022,66,WP,MM,MUIFA,2022/9/4 9:00,MX,25.4,145, , , ,main,1167,1162,PP_____________, ,WP142022,25.3,145.1, ,DB,15,1009,-3, , , , , , , , , , , , ,1010,150, , ,25.4,144.9,2, ,1006,0, , ,0, , , , , , , , , , , , , , , , , , , , , , , , , , , , , , , , , , , , , , , , , , , , , , , , , , , , , , , , , , , , , , , , , , , , , , , , , , , , , , , , , , , , , , , , , , , , , , , , , , , , , , , , , , , , , , , , , , , , , , , , , ,7,250
2022247N26147,2022,66,WP,MM,MUIFA,2022/9/4 12:00,MX,25.3,144.6, ,1006,tokyo,main,1162,1161,OO_____________,jtwc_wp,WP142022,25.2,144.7, ,DB,15,1008,-3, , , , , , , , , , , , ,1010,150, , ,25.3,144.5,2, ,1006,0, , ,0, , ,0, , , , , , , , , , , , , , , , , , , , , , , , , , , , , , , , , , , , , , , , , , , , , , , , , , , , , , , , , , , , , , , , , , , , , , , , , , , , , , , , , , , , , , , , , , , , , , , , , , , , , , , , , , , , , , , , , , , , , , ,8,250
2022247N26147,2022,66,WP,MM,MUIFA,2022/9/4 15:00,MX,25.1,144.1, , , ,main,1165,1162,PP_____________, ,WP142022,25.1,144.4, ,DB,15,1008,-3, , , , , , , , , , , , ,1010,150, , ,25.1,143.9,2, ,1006,0, , ,0, , , , , , , , , , , , , , , , , , , , , , , , , , , , , , , , , , , , , , , , , , , , , , , , , , , , , , , , , , , , , , , , , , , , , , , , , , , , , , , , , , , , , , , , , , , , , , , , , , , , , , , , , , , , , , , , , , , , , , , , , ,10,250
2022247N26147,2022,66,WP,MM,MUIFA,2022/9/4 18:00,MX,24.9,143.5, ,1006,tokyo,main,1171,1165,OO_____________,jtwc_wp,WP142022,25,143.9, ,DB,15,1007,-3, , , , , , , , , , , , ,1009,150, , ,24.8,143.2,2, ,1006,0, , ,0, , ,0, , , , , , , , , , , , , , , , , , , , , , , , , , , , , , , , , , , , , , , , , , , , , , , , , , , , , , , , , , , , , , , , , , , , , , , , , , , , , , , , , , , , , , , , , , , , , , , , , , , , , , , , , , , , , , , , , , , , , , ,13,250
2022247N26147,2022,66,WP,MM,MUIFA,2022/9/4 21:00,MX,24.7,142.8, , , ,main,1170,1161,PP_____________, ,WP142022,24.8,143.1, ,DB,15,1007,-3, , , , , , , , , , , , ,1009,155, , ,24.6,142.5,2, ,1006,0, , ,0, , , , , , , , , , , , , , , , , , , , , , , , , , , , , , , , , , , , , , , , , , , , , , , , , , , , , , , , , , , , , , , , , , , , , , , , , , , , , , , , , , , , , , , , , , , , , , , , , , , , , , , , , , , , , , , , , , , , , , , , , ,15,255
2022247N26147,2022,66,WP,MM,MUIFA,2022/9/5 0:00,MX,24.5,142, ,1006,tokyo,main,1161,1133,OO_____________,jtwc_wp,WP142022,24.6,142.2, ,DB,15,1007,-3, , , , , , , , , , , , ,1009,160,35, ,24.4,141.7,2, ,1006,0, , ,0, , ,0, , , , , , , , , , , , , , , , , , , , , , , , , , , , , , , , , , , , , , , , , , , , , , , , , , , , , , , , , , , , , , , , , , , , , , , , , , , , , , , , , , , , , , , , , , , , , , , , , , , , , , , , , , , , , , , , , , , , , , ,15,260
2022247N26147,2022,66,WP,MM,MUIFA,2022/9/5 3:00,MX,24.4,141.1, , , ,main,1128,1109,PP_____________, ,WP142022,24.5,141.3, ,DB,18,1008,-3, , , , , , , , , , , , ,1009,160,35, ,24.2,141,2, ,1005,0, , ,0, , , , , , , , , , , , , , , , , , , , , , , , , , , , , , , , , , , , , , , , , , , , , , , , , , , , , , , , , , , , , , , , , , , , , , , , , , , , , , , , , , , , , , , , , , , , , , , , , , , , , , , , , , , , , , , , , , , , , , , , , ,14,260
2022247N26147,2022,66,WP,MM,MUIFA,2022/9/5 6:00,MX,24.3,140.4, ,1004,tokyo,main,1109,1101,OO_____________,jtwc_wp,WP142022,24.4,140.5, ,DB,20,1008,-3, , , , , , , , , , , , ,1008,160,35, ,24.1,140.3,2, ,1004,0, , ,0, , ,0, , , , , , , , , , , , , , , , , , , , , , , , , , , , , , , , , , , , , , , , , , , , , , , , , , , , , , , , , , , , , , , , , , , , , , , , , , , , , , , , , , , , , , , , , , , , , , , , , , , , , , , , , , , , , , , , , , , , , , ,12,260
2022247N26147,2022,66,WP,MM,MUIFA,2022/9/5 9:00,MX,24.2,139.8, , , ,main,1097,1092,PP_____________, ,WP142022,24.3,139.9, ,DB,23,1009,-3, , , , , , , , , , , , ,1008,160,48, ,24.1,139.8,2, ,1005,0, , ,0, , , , , , , , , , , , , , , , , , , , , , , , , , , , , , , , , , , , , , , , , , , , , , , , , , , , , , , , , , , , , , , , , , , , , , , , , , , , , , , , , , , , , , , , , , , , , , , , , , , , , , , , , , , , , , , , , , , , , , , , , ,10,260
2022247N26147,2022,66,WP,MM,MUIFA,2022/9/5 12:00,TS,24.1,139.3, ,1006,tokyo,main,1092,1086,OO_____________,jtwc_wp,WP142022,24.1,139.3, ,TD,25,1009,-1, , , , , , , , , , , , ,1008,160,60, ,24,139.3,2, ,1006,0, , ,0, , ,0, , , , , , , , , , , , , , , , , , , , , , , , , , , , , , , , , , , , , , , , , , , , , , , , , , , , , , , , , , , , , , , , , , , , , , , , , , , , , , , , , , , , , , , , , , , , , , , , , , , , , , , , , , , , , , , , , , , , , , ,12,260
2022247N26147,2022,66,WP,MM,MUIFA,2022/9/5 15:00,TS,23.9,138.6, , , ,main,1094,1071,PP_____________, ,WP142022,24,138.6, ,TD,28,1007,-1, , , , , , , , , , , , ,1008,150,48, ,23.8,138.6,2, ,1005,0, , ,0, , , , , , , , , , , , , , , , , , , , , , , , , , , , , , , , , , , , , , , , , , , , , , , , , , , , , , , , , , , , , , , , , , , , , , , , , , , , , , , , , , , , , , , , , , , , , , , , , , , , , , , , , , , , , , , , , , , , , , , , , ,13,255
2022247N26147,2022,66,WP,MM,MUIFA,2022/9/5 18:00,TS,23.7,137.9, ,1004,tokyo,main,1071,1071,OO_____________,jtwc_wp,WP142022,23.8,137.9, ,TD,30,1004,-1, , , , , , , , , , , , ,1008,140,35, ,23.5,137.9,2, ,1004,0, , ,0, , ,0, , , , , , , , , , , , , , , , , , , , , , , , , , , , , , , , , , , , , , , , , , , , , , , , , , , , , , , , , , , , , , , , , , , , , , , , , , , , , , , , , , , , , , , , , , , , , , , , , , , , , , , , , , , , , , , , , , , , , , ,12,230
2022247N26147,2022,66,WP,MM,MUIFA,2022/9/5 21:00,TS,23.2,137.6, , , ,main,1100,1100,PP_____________, ,WP142022,23.2,137.5, ,TD,30,1004,-1, , , , , , , , , , , , ,1008,140,35, ,23.1,137.6,2, ,1005,0, , ,0, , , , , , , , , , , , , , , , , , , , , , , , , , , , , , , , , , , , , , , , , , , , , , , , , , , , , , , , , , , , , , , , , , , , , , , , , , , , , , , , , , , , , , , , , , , , , , , , , , , , , , , , , , , , , , , , , , , , , , , , , ,12,205
2022247N26147,2022,66,WP,MM,MUIFA,2022/9/6 0:00,TS,22.6,137.4, ,1006,tokyo,main,1147,1147,OO_____________,jtwc_wp,WP142022,22.5,137.3, ,TD,30,1004,-1, , , , , , , , , , , , ,1008,140,35, ,22.6,137.4,2, ,1006,0, , ,0, , ,0, , , , , , , , , , , , , , , , , , , , , , , , , , , , , , , , , , , , , , , , , , , , , , , , , , , , , , , , , , , , , , , , , , , , , , , , , , , , , , , , , , , , , , , , , , , , , , , , , , , , , , , , , , , , , , , , , , , , , , ,12,200
2022247N26147,2022,66,WP,MM,MUIFA,2022/9/6 3:00,TS,22.1,137.1, , , ,main,1179,1179,PP_____________, ,WP142022,22,137.1, ,TD,30,1004,-1, , , , , , , , , , , , ,1008,138,35, ,22.1,137.1,2, ,1005,0, , ,0, , , , , , , , , , , , , , , , , , , , , , , , , , , , , , , , , , , , , , , , , , , , , , , , , , , , , , , , , , , , , , , , , , , , , , , , , , , , , , , , , , , , , , , , , , , , , , , , , , , , , , , , , , , , , , , , , , , , , , , , , ,12,205
2022247N26147,2022,66,WP,MM,MUIFA,2022/9/6 6:00,TS,21.5,136.8, ,1004,tokyo,main,1222,1222,OOOO___________,jtwc_wp,WP142022,21.5,136.9, ,TD,30,1004,-1, , , , , , , , , , , , ,1008,135,35, ,21.4,136.8,2, ,1004,0, , ,0, , ,0,21.5,136.7,1,25,1002,21.5,136.9,TD,25,1002, , , , , , , , , , , , , , , , , , , , , , , , , , , , , , , , , , , , , , , , , , , , , , , , , , , , , , , , , , , , , , , , , , , , , , , , , , , , , , , , , , , , , , , , , , , , , , , , , , , , , , , , , , , , ,16,195
2022247N26147,2022,66,WP,MM,MUIFA,2022/9/6 9:00,TS,20.5,136.7, , , ,main,1317,1317,PPPP___________, ,WP142022,20.6,136.7, ,TD,30,1005,-1, , , , , , , , , , , , ,1008,143,28, ,20.5,136.6,2, ,1005,0, , ,0, , , ,20.6,136.6,1,27,1001,20.4,136.7,TD,28,1001, , , , , , , , , , , , , , , , , , , , , , , , , , , , , , , , , , , , , , , , , , , , , , , , , , , , , , , , , , , , , , , , , , , , , , , , , , , , , , , , , , , , , , , , , , , , , , , , , , , , , , , , , , , , ,19,190
2022247N26147,2022,66,WP,MM,MUIFA,2022/9/6 12:00,TS,19.6,136.5, ,1006,tokyo,main,1399,1378,OOOO___________,jtwc_wp,WP142022,19.7,136.5, ,TD,30,1005,-1, , , , , , , , , , , , ,1007,150,20, ,19.6,136.5,2, ,1006,0, , ,0, , ,0,19.7,136.5,1,29,1000,19.5,136.5,TD,30,1000, , , , , , , , , , , , , , , , , , , , , , , , , , , , , , , , , , , , , , , , , , , , , , , , , , , , , , , , , , , , , , , , , , , , , , , , , , , , , , , , , , , , , , , , , , , , , , , , , , , , , , , , , , , , ,17,190
2022247N26147,2022,66,WP,MM,MUIFA,2022/9/6 15:00,TS,18.9,136.3, , , ,main,1378,1335,PPPP___________, ,WP142022,18.9,136.4, ,TD,30,1005,-1, , , , , , , , , , , , ,1007,155,25, ,18.8,136.2,2, ,1005,0, , ,0, , , ,18.9,136.4,1,29,1000,18.9,136.4,TD,30,1000, , , , , , , , , , , , , , , , , , , , , , , , , , , , , , , , , , , , , , , , , , , , , , , , , , , , , , , , , , , , , , , , , , , , , , , , , , , , , , , , , , , , , , , , , , , , , , , , , , , , , , , , , , , , ,14,195
2022247N26147,2022,66,WP,MM,MUIFA,2022/9/6 18:00,TS,18.3,136.2, ,1004,tokyo,main,1335,1290,OOOO___________,jtwc_wp,WP142022,18.2,136.2, ,TD,30,1005,-1, , , , , , , , , , , , ,1007,160,30, ,18.2,136,2, ,1004,0, , ,0, , ,0,18.3,136.2,1,29,1000,18.5,136.2,TD,30,1000, , , , , , , , , , , , , , , , , , , , , , , , , , , , , , , , , , , , , , , , , , , , , , , , , , , , , , , , , , , , , , , , , , , , , , , , , , , , , , , , , , , , , , , , , , , , , , , , , , , , , , , , , , , , ,12,200
2022247N26147,2022,66,WP,MM,MUIFA,2022/9/6 21:00,TS,17.7,135.9, , , ,main,1275,1236,PPPP___________, ,WP142022,17.6,136, ,TD,33,1004,-1, , , , , , , , , , , , ,1007,151,33, ,17.6,135.8,2, ,1004,0, , ,0, , , ,17.8,136,1,29,1000,18,136,TD,30,1000, , , , , , , , , , , , , , , , , , , , , , , , , , , , , , , , , , , , , , , , , , , , , , , , , , , , , , , , , , , , , , , , , , , , , , , , , , , , , , , , , , , , , , , , , , , , , , , , , , , , , , , , , , , , ,11,205
2022247N26147,2022,66,WP,MM,MUIFA,2022/9/7 0:00,TS,17.3,135.7, ,1004,tokyo,main,1236,1207,OOOO___________,jtwc_wp,WP142022,17.2,135.8, ,TS,35,1002,0,30,30,30,30, , , , , , , , ,1007,142,35, ,17.2,135.7,2, ,1004,0, , ,0, , ,0,17.4,135.7,1,29,1000,17.5,135.7,TD,30,1000, , , , , , , , , , , , , , , , , , , , , , , , , , , , , , , , , , , , , , , , , , , , , , , , , , , , , , , , , , , , , , , , , , , , , , , , , , , , , , , , , , , , , , , , , , , , , , , , , , , , , , , , , , , , ,7,215
2022247N26147,2022,66,WP,MM,MUIFA,2022/9/7 3:00,TS,17.1,135.5, , , ,main,1207,1188,PPPP___________, ,WP142022,17,135.6, ,TS,38,1002,0,33,33,30,30, , , , , , , , ,1007,139,33, ,17.1,135.6,2, ,1003,0, , ,0, , , ,17.2,135.5,1,32,999,17.2,135.4,TD,30,1000, , , , , , , , , , , , , , , , , , , , , , , , , , , , , , , , , , , , , , , , , , , , , , , , , , , , , , , , , , , , , , , , , , , , , , , , , , , , , , , , , , , , , , , , , , , , , , , , , , , , , , , , , , , , ,5,240
2022247N26147,2022,66,WP,MM,MUIFA,2022/9/7 6:00,TS,17.1,135.3, ,1002,tokyo,main,1188,1154,OOOOO__________,jtwc_wp,WP142022,16.9,135.3, ,TS,40,1001,0,35,35,30,30, , , , , , , , ,1007,135,30, ,17.1,135.5,2, ,1002,0, , ,0, , ,0,17.1,135.2,2,34,998,17.1,135.1,TD,30,1000,17.1,135.3,TD,29,996, , , , , , , , , , , , , , , , , , , , , , , , , , , , , , , , , , , , , , , , , , , , , , , , , , , , , , , , , , , , , , , , , , , , , , , , , , , , , , , , , , , , , , , , , , , , , , , , , , , , , , , ,5,255
2022247N26147,2022,66,WP,MM,MUIFA,2022/9/7 9:00,TS,17,135, , , ,main,1154,1126,PPPPP__________, ,WP142022,16.8,134.9, ,TS,40,1001,0,38,38,30,33, , , , , , , , ,1008,143,30, ,17.1,135.2,2, ,1003,0, , ,0, , , ,17,134.9,2,34,998,17.1,134.9,TD,30,1000,17.1,135.1,TD,29,996, , , , , , , , , , , , , , , , , , , , , , , , , , , , , , , , , , , , , , , , , , , , , , , , , , , , , , , , , , , , , , , , , , , , , , , , , , , , , , , , , , , , , , , , , , , , , , , , , , , , , , , ,6,265
2022247N26147,2022,66,WP,MM,MUIFA,2022/9/7 12:00,TS,17,134.6, ,1004,tokyo,main,1116,1074,OOOOO__________,jtwc_wp,WP142022,16.8,134.4, ,TS,40,1001,0,40,40,30,35, , , , , , , , ,1008,150,30, ,17,134.8,2, ,1004,0, , ,0, , ,0,17,134.6,2,34,998,17.1,134.6,TD,30,1000,17,134.8,TD,29,996, , , , , , , , , , , , , , , , , , , , , , , , , , , , , , , , , , , , , , , , , , , , , , , , , , , , , , , , , , , , , , , , , , , , , , , , , , , , , , , , , , , , , , , , , , , , , , , , , , , , , , , ,8,265
2022247N26147,2022,66,WP,MM,MUIFA,2022/9/7 15:00,TS,16.9,134.2, , , ,main,1074,1027,PPPPP__________, ,WP142022,16.9,134.1, ,TS,40,1000,0,40,43,30,35, , , , , , , , ,1008,150,30, ,16.9,134.1,2, ,1002,0, , ,0, , , ,17,134.2,2,34,998,17,134.2,TD,33,998,16.9,134.3,TD,29,996, , , , , , , , , , , , , , , , , , , , , , , , , , , , , , , , , , , , , , , , , , , , , , , , , , , , , , , , , , , , , , , , , , , , , , , , , , , , , , , , , , , , , , , , , , , , , , , , , , , , , , , ,9,270
2022247N26147,2022,66,WP,MM,MUIFA,2022/9/7 18:00,TS,16.9,133.7,35,1000,tokyo,main,1027,996,OOOOO__________,jtwc_wp,WP142022,17,133.7, ,TS,40,999,0,40,45,30,35, , , , , , , , ,1008,150,30, ,16.8,133.5,3,35,1000,0, , ,6,120,90,0,17,133.7,2,34,998,17,133.7,TS,35,996,16.9,133.7,TD,29,996, , , , , , , , , , , , , , , , , , , , , , , , , , , , , , , , , , , , , , , , , , , , , , , , , , , , , , , , , , , , , , , , , , , , , , , , , , , , , , , , , , , , , , , , , , , , , , , , , , , , , , , ,9,270
2022247N26147,2022,66,WP,MM,MUIFA,2022/9/7 21:00,TS,17,133.2, , , ,main,987,951,PPPPP__________, ,WP142022,17.1,133.2, ,TS,40,1001,0,40,48,30,35, , , , , , , , ,1009,163,30, ,16.8,133.2,3,38,999,0, , ,6,120,90, ,17,133.3,2,36,997,17,133.3,TS,35,996,16.9,133.3,TD,32,994, , , , , , , , , , , , , , , , , , , , , , , , , , , , , , , , , , , , , , , , , , , , , , , , , , , , , , , , , , , , , , , , , , , , , , , , , , , , , , , , , , , , , , , , , , , , , , , , , , , , , , , ,8,275
2022247N26147,2022,66,WP,MM,MUIFA,2022/9/8 0:00,TS,17,132.8,40,998,tokyo,main,951,914,OOOOO__________,jtwc_wp,WP142022,17.1,132.6, ,TS,40,1002,0,40,50,30,35, , , , , , , , ,1009,175,30, ,16.9,132.9,3,40,998,0, , ,6,120,90,0,17.1,132.9,2,38,995,17.1,132.8,TS,35,996,17,132.9,TS,35,992, , , ,225,70,43, , , , , , , , , , , , , , , , , , , , , , , , , , , , , , , , , , , , , , , , , , , , , , , , , , , , , , , , , , , , , , , , , , , , , , , , , , , , , , , , , , , , , , , , , , , , , , , , , ,9,275
2022247N26147,2022,66,WP,MM,MUIFA,2022/9/8 3:00,TS,17.1,132.3, , , ,main,914,870,PPPPP__________, ,WP142022,17.1,132.2, ,TS,43,1001,0,43,53,30,38, , , , , , , , ,1009,175,30, ,17,132.4,3,40,998,0, , ,6,120,90, ,17.1,132.3,2,38,995,17.2,132.3,TS,38,994,17.1,132.3,TS,35,992, , , ,225,70,43, , , , , , , , , , , , , , , , , , , , , , , , , , , , , , , , , , , , , , , , , , , , , , , , , , , , , , , , , , , , , , , , , , , , , , , , , , , , , , , , , , , , , , , , , , , , , , , , , ,10,275
2022247N26147,2022,66,WP,MM,MUIFA,2022/9/8 6:00,TS,17.1,131.8,40,998,tokyo,main,870,826,OOOOO__________,jtwc_wp,WP142022,17.1,131.8, ,TS,45,1000,0,45,55,30,40, , , , , , , , ,1009,175,30, ,17.1,131.8,3,40,998,0, , ,6,120,90,0,17.2,131.8,2,38,995,17.2,131.7,TS,40,992,17.1,131.7,TS,35,992, , , ,225,70,43, , , , , , , , , , , , , , , , , , , , , , , , , , , , , , , , , , , , , , , , , , , , , , , , , , , , , , , , , , , , , , , , , , , , , , , , , , , , , , , , , , , , , , , , , , , , , , , , , ,10,275
2022247N26147,2022,66,WP,MM,MUIFA,2022/9/8 9:00,TS,17.2,131.3, , , ,main,826,793,PPPPP__________, ,WP142022,17.2,131.3, ,TS,43,1002,0,45,50,30,40, , , , , , , , ,1009,175,33, ,17.1,131.4,3,40,998,0, , ,6,120,90, ,17.3,131.4,2,41,993,17.2,131.2,TS,40,992,17.1,131.2,TS,37,992, , , ,225,73,46, , , , , , , , , , , , , , , , , , , , , , , , , , , , , , , , , , , , , , , , , , , , , , , , , , , , , , , , , , , , , , , , , , , , , , , , , , , , , , , , , , , , , , , , , , , , , , , , , ,8,280
2022247N26147,2022,66,WP,MM,MUIFA,2022/9/8 12:00,TS,17.3,130.9,40,998,tokyo,main,793,765,OOOOO__________,jtwc_wp,WP142022,17.4,130.9, ,TS,40,1003,0,45,45,30,40, , , , , , , , ,1009,175,35, ,17.1,131,3,40,998,0, , ,6,120,90,0,17.5,131,2,44,990,17.2,130.8,TS,40,992,17.2,130.8,TS,39,992, , , ,225,76,49, , , , , , , , , , , , , , , , , , , , , , , , , , , , , , , , , , , , , , , , , , , , , , , , , , , , , , , , , , , , , , , , , , , , , , , , , , , , , , , , , , , , , , , , , , , , , , , , , ,7,280
2022247N26147,2022,66,WP,MM,MUIFA,2022/9/8 15:00,TS,17.3,130.6, , , ,main,765,740,PPPPP__________, ,WP142022,17.5,130.6, ,TS,43,1002,0,45,40,30,43, , , , , , , , ,1009,188,35, ,17.1,130.6,3,43,996,0, , ,6,120,90, ,17.6,130.7,2,46,988,17.3,130.4,TS,43,990,17.3,130.4,TS,43,991, , , ,225,76,49, , , , , , , , , , , , , , , , , , , , , , , , , , , , , , , , , , , , , , , , , , , , , , , , , , , , , , , , , , , , , , , , , , , , , , , , , , , , , , , , , , , , , , , , , , , , , , , , , ,7,290
2022247N26147,2022,66,WP,MM,MUIFA,2022/9/8 18:00,TS,17.5,130.2,45,994,tokyo,main,740,724,OOOOO__________,jtwc_wp,WP142022,17.6,130.3, ,TS,45,1000,0,45,35,30,45, , , , , , , , ,1008,200,35, ,17.2,130.2,3,45,994,0, , ,6,120,90,0,17.7,130.4,3,48,985,17.6,130.1,TS,45,988,17.4,130.1,TS,47,990, , , ,225,76,49, , , , , , , , , , , , , , , , , , , , , , , , , , , , , , , , , , , , , , , , , , , , , , , , , , , , , , , , , , , , , , , , , , , , , , , , , , , , , , , , , , , , , , , , , , , , , , , , , ,9,300
2022247N26147,2022,66,WP,MM,MUIFA,2022/9/8 21:00,TS,17.8,129.8, , , ,main,724,711,PPPPP__________, ,WP142022,17.9,129.8, ,TS,48,1000,0,45,33,30,45, , , , , , , , ,1009,250,28, ,17.5,129.8,3,45,994,0, , ,6,120,105, ,17.9,129.9,3,48,985,17.9,129.7,TS,45,988,17.7,129.8,TS,47,990, , , ,225,79,52, , , , , , , , , , , , , , , , , , , , , , , , , , , , , , , , , , , , , , , , , , , , , , , , , , , , , , , , , , , , , , , , , , , , , , , , , , , , , , , , , , , , , , , , , , , , , , , , , ,11,310
2022247N26147,2022,66,WP,MM,MUIFA,2022/9/9 0:00,TS,18.2,129.3,45,994,tokyo,main,711,696,OOOOO__________,jtwc_wp,WP142022,18.3,129.3, ,TS,50,999,0,45,30,30,45, , , , , , , , ,1010,300,20, ,18,129.3,3,45,994,0, , ,9,120,120,0,18.2,129.4,3,48,985,18.3,129.3,TS,45,988,18.1,129.4,TS,47,990, , , ,225,81,54, , , , , , , , , , , , , , , , , , , , , , , , , , , , , , , , , , , , , , , , , , , , , , , , , , , , , , , , , , , , , , , , , , , , , , , , , , , , , , , , , , , , , , , , , , , , , , , , , ,12,315
2022247N26147,2022,66,WP,MM,MUIFA,2022/9/9 3:00,TS,18.6,128.9, , , ,main,696,655,PPPPP__________, ,WP142022,18.7,128.8, ,TS,53,998,0,45,33,33,45, , , , , , , , ,1010,275,20, ,18.5,128.8,3,48,992,0, , ,9,120,120, ,18.6,129,3,51,984,18.7,128.9,TS,48,986,18.6,128.9,TS,47,990, , , ,225,81,54, , , , , , , , , , , , , , , , , , , , , , , , , , , , , , , , , , , , , , , , , , , , , , , , , , , , , , , , , , , , , , , , , , , , , , , , , , , , , , , , , , , , , , , , , , , , , , , , , ,12,315
2022247N26147,2022,66,WP,MM,MUIFA,2022/9/9 6:00,TS,19,128.5,50,990,tokyo,main,656,627,OOOOO__________,jtwc_wp,WP142022,19,128.4, ,TS,55,996,0,45,35,35,45,20,25,15,25, , , , ,1010,250,20, ,19,128.4,4,50,990,0, , ,9,120,120,0,19,128.6,3,54,982,19,128.5,STS,50,984,19,128.5,TS,47,990, , , ,225,81,54, , , , , , , , , , , , , , , , , , , , , , , , , , , , , , , , , , , , , , , , , , , , , , , , , , , , , , , , , , , , , , , , , , , , , , , , , , , , , , , , , , , , , , , , , , , , , , , , , ,10,310
2022247N26147,2022,66,WP,MM,MUIFA,2022/9/9 9:00,TS,19.3,128.1, , , ,main,618,589,PPPPP__________, ,WP142022,19.3,128, ,TS,55,996,0,45,35,35,45,23,25,20,25, , , , ,1010,270,20, ,19.2,128,4,53,988,0, , ,9,120,120, ,19.2,128.2,3,56,981,19.3,128.2,STS,53,982,19.2,128.2,TS,50,988, , , ,225,84,57, , , , , , , , , , , , , , , , , , , , , , , , , , , , , , , , , , , , , , , , , , , , , , , , , , , , , , , , , , , , , , , , , , , , , , , , , , , , , , , , , , , , , , , , , , , , , , , , , ,8,305
2022247N26147,2022,66,WP,MM,MUIFA,2022/9/9 12:00,TS,19.5,127.8,55,985,tokyo,main,591,555,OOOOO__________,jtwc_wp,WP142022,19.5,127.7, ,TS,55,996,0,45,35,35,45,25,25,25,25, , , , ,1010,290,20, ,19.4,127.7,4,55,985,9,30,30,9,120,120,0,19.4,127.9,3,58,980,19.6,127.8,STS,55,980,19.4,127.9,STS,52,985,225,38,32,225,86,59, , , , , , , , , , , , , , , , , , , , , , , , , , , , , , , , , , , , , , , , , , , , , , , , , , , , , , , , , , , , , , , , , , , , , , , , , , , , , , , , , , , , , , , , , , , , , , , , , ,8,305
2022247N26147,2022,66,WP,MM,MUIFA,2022/9/9 15:00,TS,19.7,127.4, , , ,main,555,521,PPPPP__________, ,WP142022,19.8,127.3, ,TS,58,994,0,50,43,45,55,25,25,25,25, , , , ,1010,290,20, ,19.6,127.3,4,58,983,9,35,35,9,120,120, ,19.7,127.5,3,58,980,19.9,127.4,STS,58,978,19.6,127.5,STS,54,983,225,41,35,225,92,65, , , , , , , , , , , , , , , , , , , , , , , , , , , , , , , , , , , , , , , , , , , , , , , , , , , , , , , , , , , , , , , , , , , , , , , , , , , , , , , , , , , , , , , , , , , , , , , , , ,9,305
2022247N26147,2022,66,WP,MM,MUIFA,2022/9/9 18:00,TS,20,127,60,980,tokyo,main,524,494,OOOOO__________,jtwc_wp,WP142022,20.1,127, ,TS,60,992,0,55,50,55,65,25,25,25,25, , , , ,1009,290,20, ,19.8,126.9,4,60,980,9,40,40,9,120,120,0,20,127.1,3,58,980,20.1,126.9,STS,60,975,19.9,127,STS,56,980,225,43,38,225,97,70, , , , , , , , , , , , , , , , , , , , , , , , , , , , , , , , , , , , , , , , , , , , , , , , , , , , , , , , , , , , , , , , , , , , , , , , , , , , , , , , , , , , , , , , , , , , , , , , , ,10,305
2022247N26147,2022,66,WP,MM,MUIFA,2022/9/9 21:00,TS,20.3,126.6, , , ,main,498,477,PPPPP__________, ,WP142022,20.3,126.7, ,TS,63,989,0,58,63,58,78,30,25,28,30, , , , ,1009,285,20, ,20.2,126.4,4,65,975,9,45,45,9,135,120, ,20.4,126.6,3,61,978,20.4,126.5,STS,63,974,20.2,126.6,STS,56,980,225,43,38,225,100,73, , , , , , , , , , , , , , , , , , , , , , , , , , , , , , , , , , , , , , , , , , , , , , , , , , , , , , , , , , , , , , , , , , , , , , , , , , , , , , , , , , , , , , , , , , , , , , , , , ,10,310
2022247N26147,2022,66,WP,MM,MUIFA,2022/9/10 0:00,TS,20.6,126.2,70,970,tokyo,main,477,471,OOOOO__________,jtwc_wp,WP142022,20.5,126.5, ,TY,65,985,1,60,75,60,90,35,25,30,35, , , , ,1008,280,20, ,20.7,126,5,70,970,9,50,50,8,150,120,0,20.7,126.2,4,64,975,20.6,126.1,T,65,972,20.6,126.3,STS,56,980,225,43,38,225,103,76, , , , , , , , , , , , , , , , , , , , , , , , , , , , , , , , , , , , , , , , , , , , , , , , , , , , , , , , , , , , , , , , , , , , , , , , , , , , , , , , , , , , , , , , , , , , , , , , , ,8,315
2022247N26147,2022,66,WP,MM,MUIFA,2022/9/10 3:00,TS,20.9,126, , , ,main,477,469,PPPPP__________, ,WP142022,20.8,126.2, ,TY,68,985,1,65,78,65,90,38,35,35,40, , , , ,1009,280,18, ,21,125.8,5,70,970,9,50,50,8,150,120, ,21,125.9,4,69,970,20.8,125.9,T,70,969,20.9,126,STS,59,978,225,46,41,225,106,79, , , , , , , , , , , , , , , , , , , , , , , , , , , , , , , , , , , , , , , , , , , , , , , , , , , , , , , , , , , , , , , , , , , , , , , , , , , , , , , , , , , , , , , , , , , , , , , , , ,7,325
2022247N26147,2022,66,WP,MM,MUIFA,2022/9/10 6:00,TS,21.2,125.8,70,970,tokyo,main,481,473,OOOOO__________,jtwc_wp,WP142022,21.1,126, ,TY,70,984,1,70,80,70,90,40,45,40,45,25,25,20,30,1009,280,15, ,21.2,125.7,5,70,970,9,50,50,8,150,120,0,21.2,125.7,4,73,965,21.1,125.8,T,75,965,21.2,125.7,STS,62,975,225,49,43,225,108,81, , , , , , , , , , , , , , , , , , , , , , , , , , , , , , , , , , , , , , , , , , , , , , , , , , , , , , , , , , , , , , , , , , , , , , , , , , , , , , , , , , , , , , , , , , , , , , , , , ,6,330
2022247N26147,2022,66,WP,MM,MUIFA,2022/9/10 9:00,TS,21.4,125.7, , , ,main,481,449,PPPPP__________, ,WP142022,21.4,125.8, ,TY,73,982,1,73,80,75,93,43,50,48,55,28,28,23,35,1009,275,15, ,21.4,125.6,5,73,968,9,55,55,8,150,120, ,21.4,125.6,4,77,960,21.4,125.7,T,78,963,21.5,125.6,STS,65,973,225,52,43,225,111,84, , , , , , , , , , , , , , , , , , , , , , , , , , , , , , , , , , , , , , , , , , , , , , , , , , , , , , , , , , , , , , , , , , , , , , , , , , , , , , , , , , , , , , , , , , , , , , , , , ,6,335
2022247N26147,2022,66,WP,MM,MUIFA,2022/9/10 12:00,TS,21.7,125.5,75,965,tokyo,main,449,412,OOOOO__________,jtwc_wp,WP142022,21.7,125.5, ,TY,75,979,1,75,80,80,95,45,55,55,65,30,30,25,40,1009,270,15, ,21.7,125.5,5,75,965,9,60,60,8,150,120,0,21.7,125.5,5,81,955,21.7,125.5,T,80,960,21.7,125.5,TY,68,970,225,54,43,225,113,86, , , , , , , , , , , , , , , , , , , , , , , , , , , , , , , , , , , , , , , , , , , , , , , , , , , , , , , , , , , , , , , , , , , , , , , , , , , , , , , , , , , , , , , , , , , , , , , , , ,7,320
2022247N26147,2022,66,WP,MM,MUIFA,2022/9/10 15:00,TS,22,125.2, , , ,main,408,372,PPPPP__________, ,WP142022,22,125.2, ,TY,83,973,2,78,83,85,95,53,53,50,58,30,28,23,33,1008,260,10, ,22,125.2,5,78,963,9,65,65,8,165,125, ,22,125.2,5,84,953,22,125.2,T,83,958,22,125.2,TY,72,965,225,54,43,225,119,92, , , , , , , , , , , , , , , , , , , , , , , , , , , , , , , , , , , , , , , , , , , , , , , , , , , , , , , , , , , , , , , , , , , , , , , , , , , , , , , , , , , , , , , , , , , , , , , , , ,8,310
2022247N26147,2022,66,WP,MM,MUIFA,2022/9/10 18:00,TS,22.2,124.9,80,960,tokyo,main,372,347,OOOOO__________,jtwc_wp,WP142022,22.2,124.9, ,TY,90,966,2,80,85,90,95,60,50,45,50,30,25,20,25,1007,250,5,10,22.2,124.9,5,80,960,9,70,70,8,180,130,0,22.2,124.9,5,87,950,22.2,124.9,ST,85,955,22.2,124.9,TY,76,960,225,54,43,225,124,97, , , , , , , , , , , , , , , , , , , , , , , , , , , , , , , , , , , , , , , , , , , , , , , , , , , , , , , , , , , , , , , , , , , , , , , , , , , , , , , , , , , , , , , , , , , , , , , , , ,7,310
2022247N26147,2022,66,WP,MM,MUIFA,2022/9/10 21:00,TS,22.4,124.6, , , ,main,337,322,PPPOP__________, ,WP142022,22.4,124.6, ,TY,98,960,3,85,85,93,98,60,50,45,50,30,25,23,25,1007,250,10, ,22.4,124.6,5,83,955,9,70,70,8,180,130, ,22.4,124.7,5,90,948,22.4,124.7,ST,85,955,22.4,124.7,TY,77,958,225,54,43,225,130,103, , , , , , , , , , , , , , , , , , , , , , , , , , , , , , , , , , , , , , , , , , , , , , , , , , , , , , , , , , , , , , , , , , , , , , , , , , , , , , , , , , , , , , , , , , , , , , , , , ,6,315
2022247N26147,2022,66,WP,MM,MUIFA,2022/9/11 0:00,TS,22.6,124.5,85,950,tokyo,main,322,310,OOOOO__________,jtwc_wp,WP142022,22.6,124.4, ,TY,105,953,3,90,85,95,100,60,50,45,50,30,25,25,25,1007,250,15,20,22.6,124.4,5,85,950,9,70,70,8,180,130,0,22.6,124.5,5,93,945,22.6,124.5,ST,90,950,22.6,124.5,TY,78,955,270,54,43,270,135,108, , , , , , , , , , , , , , , , , , , , , , , , , , , , , , , , , , , , , , , , , , , , , , , , , , , , , , , , , , , , , , , , , , , , , , , , , , , , , , , , , , , , , , , , , , , , , , , , , ,4,325
2022247N26147,2022,66,WP,MM,MUIFA,2022/9/11 3:00,TS,22.7,124.4,85,950,tokyo,main,310,307,POPOP__________, ,WP142022,22.7,124.3, ,TY,108,950,3,95,88,98,103,60,45,45,55,30,23,23,28,1007,255,15, ,22.7,124.4,5,85,950,9,70,70,8,180,130,0,22.7,124.4,5,95,943,22.7,124.4,ST,90,950,22.7,124.4,TY,78,955,270,54,43,270,135,108, , , , , , , , , , , , , , , , , , , , , , , , , , , , , , , , , , , , , , , , , , , , , , , , , , , , , , , , , , , , , , , , , , , , , , , , , , , , , , , , , , , , , , , , , , , , , , , , , ,3,350
2022247N26147,2022,66,WP,MM,MUIFA,2022/9/11 6:00,TS,22.9,124.4,85,950,tokyo,main,307,289,OOOOO__________,jtwc_wp,WP142022,22.9,124.3, ,TY,110,946,3,100,90,100,105,60,40,45,60,30,20,20,30,1007,260,15,20,22.9,124.4,5,85,950,9,70,70,8,180,130,0,22.9,124.4,5,97,940,22.9,124.4,ST,95,945,22.9,124.4,TY,78,955,270,54,43,270,135,108, , , , , , , , , , , , , , , , , , , , , , , , , , , , , , , , , , , , , , , , , , , , , , , , , , , , , , , , , , , , , , , , , , , , , , , , , , , , , , , , , , , , , , , , , , , , , , , , , ,4,355
2022247N26147,2022,66,WP,MM,MUIFA,2022/9/11 9:00,TS,23.1,124.3,85,950,tokyo,main,289,278,POPOP__________, ,WP142022,23.1,124.3, ,TY,105,951,3,105,90,100,108,50,40,45,50,30,25,25,30,1007,253,15, ,23.2,124.3,5,85,950,9,70,70,8,180,130,0,23.1,124.4,5,97,940,23.1,124.3,ST,95,945,23.1,124.4,TY,81,953,270,57,46,270,141,114, , , , , , , , , , , , , , , , , , , , , , , , , , , , , , , , , , , , , , , , , , , , , , , , , , , , , , , , , , , , , , , , , , , , , , , , , , , , , , , , , , , , , , , , , , , , , , , , , ,4,350
2022247N26147,2022,66,WP,MM,MUIFA,2022/9/11 12:00,TS,23.3,124.3,80,955,tokyo,main,278,268,OOOOO__________,jtwc_wp,WP142022,23.3,124.4, ,TY,100,955,3,110,90,100,110,40,40,45,40,30,30,30,30,1007,245,15,20,23.4,124.3,5,80,955,9,70,70,8,180,130,0,23.3,124.3,5,97,940,23.3,124.3,ST,95,945,23.3,124.3,TY,84,950,270,59,49,270,146,119, , , , , , , , , , , , , , , , , , , , , , , , , , , , , , , , , , , , , , , , , , , , , , , , , , , , , , , , , , , , , , , , , , , , , , , , , , , , , , , , , , , , , , , , , , , , , , , , , ,4,350
2022247N26147,2022,66,WP,MM,MUIFA,2022/9/11 15:00,TS,23.5,124.3,80,955,tokyo,main,268,249,POPOP__________, ,WP142022,23.5,124.4, ,TY,95,959,2,105,90,100,108,40,40,45,40,30,30,30,30,1007,245,15, ,23.5,124.2,5,80,955,9,70,70,8,180,130,0,23.5,124.2,5,97,940,23.5,124.2,ST,95,945,23.5,124.2,TY,84,950,270,59,49,270,146,119, , , , , , , , , , , , , , , , , , , , , , , , , , , , , , , , , , , , , , , , , , , , , , , , , , , , , , , , , , , , , , , , , , , , , , , , , , , , , , , , , , , , , , , , , , , , , , , , , ,4,345
2022247N26147,2022,66,WP,MM,MUIFA,2022/9/11 18:00,TS,23.7,124.2,75,965,tokyo,main,249,245,OOOOO__________,jtwc_wp,WP142022,23.6,124.3, ,TY,90,962,2,100,90,100,105,40,40,45,40,30,30,30,30,1007,245,15,20,23.7,124.2,5,75,965,9,70,70,8,180,130,0,23.6,124.2,5,97,940,23.7,124.2,ST,90,950,23.7,124.2,TY,84,950,270,59,49,270,146,119, , , , , , , , , , , , , , , , , , , , , , , , , , , , , , , , , , , , , , , , , , , , , , , , , , , , , , , , , , , , , , , , , , , , , , , , , , , , , , , , , , , , , , , , , , , , , , , , , ,3,355
2022247N26147,2022,66,WP,MM,MUIFA,2022/9/11 21:00,TS,23.8,124.2,75,965,tokyo,main,245,239,POPOP__________, ,WP142022,23.8,124.3, ,TY,88,964,2,100,93,98,103,48,40,43,48,30,30,28,28,1007,245,23, ,23.9,124.2,5,75,965,9,70,70,8,180,130,0,23.8,124.2,5,89,948,23.8,124.2,ST,90,950,23.8,124.2,TY,81,953,270,57,46,270,143,116, , , , , , , , , , , , , , , , , , , , , , , , , , , , , , , , , , , , , , , , , , , , , , , , , , , , , , , , , , , , , , , , , , , , , , , , , , , , , , , , , , , , , , , , , , , , , , , , , ,3,355
2022247N26147,2022,66,WP,MM,MUIFA,2022/9/12 0:00,TS,24,124.2,75,965,tokyo,main,239,222,OOOOO__________,jtwc_wp,WP142022,24,124.2, ,TY,85,966,2,100,95,95,100,55,40,40,55,30,30,25,25,1007,245,30,55,24,124.2,5,75,965,9,70,70,8,150,120,0,24,124.2,5,81,955,24,124.2,ST,85,955,24,124.2,TY,78,955,270,54,43,270,140,113, , , , , , , , , , , , , , , , , , , , , , , , , , , , , , , , , , , , , , , , , , , , , , , , , , , , , , , , , , , , , , , , , , , , , , , , , , , , , , , , , , , , , , , , , , , , , , , , , ,6,355
2022247N26147,2022,66,WP,MM,MUIFA,2022/9/12 3:00,TS,24.4,124.1,75,965,tokyo,main,222,204,POPOP__________, ,WP142022,24.3,124.1, ,TY,80,970,1,100,95,93,100,55,53,43,45,33,33,25,28,1007,243,31, ,24.5,124.2,5,75,965,9,70,70,8,150,120,1,24.4,124.1,5,79,958,24.4,124.2,ST,85,955,24.4,124.1,TY,77,958,270,52,41,270,140,113, , , , , , , , , , , , , , , , , , , , , , , , , , , , , , , , , , , , , , , , , , , , , , , , , , , , , , , , , , , , , , , , , , , , , , , , , , , , , , , , , , , , , , , , , , , , , , , , , ,7,345
2022247N26147,2022,66,WP,MM,MUIFA,2022/9/12 6:00,TS,24.7,124,75,965,tokyo,main,204,202,OOOOO__________,jtwc_wp,WP142022,24.6,124, ,TY,75,974,1,100,95,90,100,55,65,45,35,35,35,25,30,1006,240,32,55,24.8,124,5,75,965,9,70,70,8,150,120,0,24.7,124,4,77,960,24.7,124,T,80,960,24.7,124,TY,76,960,225,49,38,225,140,113, , , , , , , , , , , , , , , , , , , , , , , , , , , , , , , , , , , , , , , , , , , , , , , , , , , , , , , , , , , , , , , , , , , , , , , , , , , , , , , , , , , , , , , , , , , , , , , , , ,4,340
2022247N26147,2022,66,WP,MM,MUIFA,2022/9/12 9:00,TS,24.8,124,75,965,tokyo,main,202,201,POPOP__________, ,WP142022,24.8,124, ,TY,80,970,1,103,95,90,100,50,53,43,35,35,35,25,30,1006,240,32, ,24.8,124,5,75,965,9,70,70,8,150,120,0,24.8,124,4,77,960,24.8,124,T,80,960,24.8,124,TY,74,963,225,46,35,225,138,111, , , , , , , , , , , , , , , , , , , , , , , , , , , , , , , , , , , , , , , , , , , , , , , , , , , , , , , , , , , , , , , , , , , , , , , , , , , , , , , , , , , , , , , , , , , , , , , , , ,2,10
2022247N26147,2022,66,WP,MM,MUIFA,2022/9/12 12:00,TS,24.9,124,75,965,tokyo,main,201,201,OOOOO__________,jtwc_wp,WP142022,24.9,124, ,TY,85,966,2,105,95,90,100,45,40,40,35,35,35,25,30,1005,240,32,55,24.9,124,5,75,965,9,70,70,8,150,120,0,24.9,124,4,77,960,24.9,124,T,75,965,24.9,124,TY,72,965,225,43,32,225,135,108, , , , , , , , , , , , , , , , , , , , , , , , , , , , , , , , , , , , , , , , , , , , , , , , , , , , , , , , , , , , , , , , , , , , , , , , , , , , , , , , , , , , , , , ,105, , , , , , , , , ,2,15
2022247N26147,2022,66,WP,MM,MUIFA,2022/9/12 15:00,TS,25,124,75,965,tokyo,main,201,201,POPOP__________, ,WP142022,25,124, ,TY,85,964,2,108,95,90,100,58,53,43,38,38,35,28,33,1005,240,32, ,25,124.1,5,75,965,9,70,70,8,150,120,0,25,124,4,77,960,25,124,T,75,965,25,124,TY,72,965,225,43,32,225,135,108, , , , , , , , , , , , , , , , , , , , , , , , , , , , , , , , , , , , , , , , , , , , , , , , , , , , , , , , , , , , , , , , , , , , , , , , , , , , , , , , , , , , , , , , , , , , , , , , , ,3,20
2022247N26147,2022,66,WP,MM,MUIFA,2022/9/12 18:00,TS,25.2,124.1,75,965,tokyo,main,212,212,OOOOO__________,jtwc_wp,WP142022,25.2,124.1, ,TY,85,961,2,110,95,90,100,70,65,45,40,40,35,30,35,1004,240,32,55,25.2,124.2,5,75,965,9,70,70,8,150,120,0,25.2,124.1,4,77,960,25.2,124.1,T,75,965,25.2,124.1,TY,72,965,225,43,32,225,135,108, , , , , , , , , , , , , , , , , , , , , , , , , , , , , , , , , , , , , , , , , , , , , , , , , , , , , , , , , , , , , , , , , , , , , , , , , , , , , , , , , , , , , , , , , , , , , , , , , ,5,15
2022247N26147,2022,66,WP,MM,MUIFA,2022/9/12 21:00,TS,25.5,124.2,75,965,tokyo,main,228,228,POPOP__________, ,WP142022,25.5,124.2, ,TY,90,957,2,113,98,90,105,63,60,50,48,38,38,33,35,1004,230,26, ,25.5,124.3,5,75,965,9,70,70,8,150,120,0,25.4,124.1,4,79,958,25.4,124.2,T,80,960,25.4,124.2,TY,75,960,225,43,32,225,135,108, , , , , , , , , , , , , , , , , , , , , , , , , , , , , , , , , , , , , , , , , , , , , , , , , , , , , , , , , , , , , , , , , , , , , , , , , , , , , , , , , , , , , , , , , , , , , , , , , ,5,5
2022247N26147,2022,66,WP,MM,MUIFA,2022/9/13 0:00,TS,25.7,124.2,80,955,tokyo,main,234,228,OOOOO__________,jtwc_wp,WP142022,25.8,124.2, ,TY,95,952,2,115,100,90,110,55,55,55,55,35,40,35,35,1003,220,20,30,25.7,124.2,5,80,955,9,70,70,8,150,120,0,25.7,124.1,5,81,955,25.7,124.1,T,80,960,25.7,124.2,TY,78,955,225,43,32,225,135,108, , , , , , , , , , , , , , , , , , , , , , , , , , , , , , , , , , , , , , , , , , , , , , , , , , , , , , , , , , , , , , , , , , , , , , , , , , , , , , , , , , , , , , , , , , , , , , , , , ,5,345
2022247N26147,2022,66,WP,MM,MUIFA,2022/9/13 3:00,TS,25.9,124.1,80,955,tokyo,main,233,224,POPOP__________, ,WP142022,25.9,124.1, ,TY,93,954,2,118,100,93,110,55,55,55,55,33,35,33,33,1003,220,20, ,25.9,124,5,80,955,9,70,70,8,150,120,0,25.9,124.1,5,81,955,25.9,124,T,80,960,25.9,124.1,TY,78,955,225,43,32,225,135,108, , , , , , , , , , , , , , , , , , , , , , , , , , , , , , , , , , , , , , , , , , , , , , , , , , , , , , , , , , , , , , , , , , , , , , , , , , , , , , , , , , , , , , , , , , , , , , , , , ,4,335
2022247N26147,2022,66,WP,MM,MUIFA,2022/9/13 6:00,TS,26.1,124,80,955,tokyo,main,235,235,OOOOO__________,jtwc_wp,WP142022,26,124, ,TY,90,956,2,120,100,95,110,55,55,55,55,30,30,30,30,1003,220,20,30,26.1,123.9,5,80,955,9,60,60,8,150,120,0,26.1,124,5,81,955,26.1,124,T,80,960,26.1,124,TY,78,955,225,43,32,225,135,108, , , , , , , , , , , , , , , , , , , , , , , , , , , , , , , , , , , , , , , , , , , , , , , , , , , , , , , , , , , , , , , , , , , , , , , , , , , , , , , , , , , , , , , , , , , , , , , , , ,5,350
2022247N26147,2022,66,WP,MM,MUIFA,2022/9/13 9:00,TS,26.4,124, , , ,main,254,253,PPPOP__________, ,WP142022,26.4,124, ,TY,88,958,2,125,100,95,113,63,63,63,60,33,33,33,33,1003,220,18, ,26.4,123.9,5,80,955,9,60,60,8,150,135, ,26.3,124,5,81,955,26.4,124,T,80,960,26.4,124,TY,78,955,225,43,32,225,135,108, , , , , , , , , , , , , , , , , , , , , , , , , , , , , , , , , , , , , , , , , , , , , , , , , , , , , , , , , , , , , , , , , , , , , , , , , , , , , , , , , , , , , , , , , , , , , , , , , ,6,355
2022247N26147,2022,66,WP,MM,MUIFA,2022/9/13 12:00,TS,26.7,123.9,80,955,tokyo,main,268,259,OOOOO__________,jtwc_wp,WP142022,26.8,123.9, ,TY,85,959,2,130,100,95,115,70,70,70,65,35,35,35,35,1003,220,15,20,26.7,123.9,5,80,955,9,60,60,9,150,150,0,26.6,123.9,5,81,955,26.7,123.9,T,80,960,26.7,123.9,TY,78,955,225,43,32,225,135,108, , , , , , , , , , , , , , , , , , , , , , , , , , , , , , , , , , , , , , , , , , , , , , , , , , , , , , , , , , , , , , , , , , , , , , , , , , , , , , , , , , , , , , , , , , , , , , , , , ,6,340
2022247N26147,2022,66,WP,MM,MUIFA,2022/9/13 15:00,TS,26.9,123.7, , , ,main,259,223,PPOOP__________, ,WP142022,27,123.7, ,TY,85,959,2,125,103,98,113,63,63,63,60,35,38,35,35,1003,220,15, ,26.9,123.7,5,80,955,9,60,60,9,150,150, ,26.9,123.7,5,81,955,26.9,123.7,T,80,960,26.9,123.7,TY,78,955,225,43,32,225,135,108, , , , , , , , , , , , , , , , , , , , , , , , , , , , , , , , , , , , , , , , , , , , , , , , , , , , , , , , , , , , , , , , , , , , , , , , , , , , , , , , , , , , , , , , , , , , , , , , , ,6,325
2022247N26147,2022,66,WP,MM,MUIFA,2022/9/13 18:00,TS,27.2,123.5,80,955,tokyo,main,223,193,OOOOO__________,jtwc_wp,WP142022,27.2,123.5, ,TY,85,959,2,120,105,100,110,55,55,55,55,35,40,35,35,1003,220,15,20,27.2,123.5,5,80,955,9,60,60,9,150,150,0,27.2,123.5,5,81,955,27.2,123.5,T,80,960,27.2,123.5,TY,78,955,225,43,32,225,135,108, , , , , , , , , , , , , , , , , , , , , , , , , , , , , , , , , , , , , , , , , , , , , , , , , , , , , , , , , , , , , , , , , , , , , , , , , , , , , , , , , , , , , , , , , , , , , , , , , ,7,335
2022247N26147,2022,66,WP,MM,MUIFA,2022/9/13 21:00,TS,27.6,123.4, , , ,main,193,163,PPOOP__________, ,WP142022,27.5,123.3, ,TY,85,961,2,115,105,100,110,58,48,48,58,35,38,33,33,1004,210,21, ,27.6,123.3,5,80,955,9,60,60,9,150,150, ,27.6,123.4,5,81,955,27.6,123.4,T,80,960,27.6,123.4,TY,78,955,225,41,30,225,133,106, , , , , , , , , , , , , , , , , , , , , , , , , , , , , , , , , , , , , , , , , , , , , , , , , , , , , , , , , , , , , , , , , , , , , , , , , , , , , , , , , , , , , , , , , , , , , , , , , ,8,340
2022247N26147,2022,66,WP,MM,MUIFA,2022/9/14 0:00,TS,28,123.2,80,955,tokyo,main,160,131,OOOOO__________,jtwc_wp,WP142022,27.9,123.1, ,TY,85,962,2,110,105,100,110,60,40,40,60,35,35,30,30,1005,200,27,45,28,123.2,5,80,955,9,60,60,9,150,150,0,28,123.2,5,81,955,27.9,123.2,T,80,960,28,123.2,TY,78,955,315,38,27,315,130,103, , , , , , , , , , , , , , , , , , , , , , , , , , , , , , , , , , , , , , , , , , , , , , , , , , , , , , , , , , , , , , , , , , , , , , , , , , , , , , , , , , , , , , , , , , , , , , , , , ,9,335
2022247N26147,2022,66,WP,MM,MUIFA,2022/9/14 3:00,TS,28.4,123, , , ,main,131,89,PPOOO__________, ,WP142022,28.3,123, ,TY,85,962,2,105,105,103,108,60,50,50,58,33,33,30,30,1005,200,27, ,28.4,123,5,80,955,9,60,60,9,150,150, ,28.4,123,5,93,945,28.4,123,T,80,960,28.4,122.9,TY,78,955,315,38,27,315,130,103, , , , , , , , , , , , , , , , , , , , , , , , , , , , , , , , , , , , , , , , , , , , , , , , , , , , , , , , , , , , , , , , , , , , , , , , , , , , , , , , , , , , , , , , , , , , , , , , , ,9,340
2022247N26147,2022,66,WP,MM,MUIFA,2022/9/14 6:00,TS,28.8,122.8,80,955,tokyo,main,89,49,OOOOO__________,jtwc_wp,WP142022,28.8,122.8, ,TY,85,962,2,100,105,105,105,60,60,60,55,30,30,30,30,1005,200,27,45,28.8,122.8,5,80,955,9,60,60,9,150,150,0,28.8,122.7,5,93,945,28.8,122.8,T,80,960,28.9,122.8,TY,78,955,315,38,27,315,130,103, , , , , , , , , , , , , , , , , , , , , , , , , , , , , , , , , , , , , , , , , , , , , , , , , , , , , , , , , , , , , , , , , , , , , , , , , , , , , , , , , , , , , , , , , , , , , , , , , ,10,340
2022247N26147,2022,66,WP,MM,MUIFA,2022/9/14 9:00,TS,29.3,122.5, , , ,main,49,38,PPOOO__________, ,WP142022,29.3,122.6, ,TY,80,965,1,100,98,93,103,55,45,45,53,35,28,28,35,1005,200,27, ,29.3,122.6,5,78,960,9,60,60,9,135,135, ,29.3,122.5,5,87,950,29.4,122.5,T,80,960,29.4,122.5,TY,76,960,315,38,27,315,130,103, , , , , , , , , , , , , , , , , , , , , , , , , , , , , , , , , , , , , , , , , , , , , , , , , , , , , , , , , , , , , , , , , , , , , , , , , , , , , , , , , , , , , , , , , , , , , , , , , ,12,340
2022247N26147,2022,66,WP,MM,MUIFA,2022/9/14 12:00,TS,29.9,122.3,75,965,tokyo,main,40,36,OOOOO__________,jtwc_wp,WP142022,29.9,122.3, ,TY,75,968,1,100,90,80,100,50,30,30,50,40,25,25,40,1005,200,27, ,29.9,122.3,5,75,965,9,60,60,9,120,120,0,29.9,122.3,4,77,965,29.9,122.3,T,75,965,30,122.3,TY,72,965,292,38,27,292,124,97, , , , , , , , , , , , , , , , , , , , , , , , , , , , , , , , , , , , , , , , , , , , , , , , , , , , , , , , , , , , , , , , , , , , , , , , , , , , , , , , , , , , , , , , , , , , , , , , , ,12,340
2022247N26147,2022,66,WP,MM,MUIFA,2022/9/14 15:00,TS,30.5,122, , , ,main,45,0,PPOOO__________, ,WP142022,30.5,122.2, ,TY,70,973,1,95,90,80,90,48,33,28,50,33,20,18,25,1005,188,26, ,30.6,122,5,70,970,9,60,60,9,120,120, ,30.5,121.9,4,77,965,30.5,121.9,T,65,972,30.4,122.1,TY,68,970,270,38,27,270,108,81, , , , , , , , , , , , , , , , , , , , , , , , , , , , , , , , , , , , , , , , , , , , , , , , , , , , , , , , , , , , , , , , , , , , , , , , , , , , , , , , , , , , , , , , , , , , , , , , , ,14,335
2022247N26147,2022,66,WP,MM,MUIFA,2022/9/14 18:00,TS,31.2,121.7,65,975,tokyo,main,0,0,OOOOO__________,jtwc_wp,WP142022,31.2,122, ,TY,65,978,1,90,90,80,80,45,35,25,50,25,15,10,10,1005,175,25, ,31.3,121.6,5,65,975,9,60,60,9,120,120,0,31.2,121.5,4,64,975,31.2,121.5,STS,60,975,31.2,121.7,STS,62,975,270,32,27,270,97,70, , , , , , , , , , , , , , , , , , , , , , , , , , , , , , , , , , , , , , , , , , , , , , , , , , , , , , , , , , , , , , , , , , , , , , , , , , , , , , , , , , , , , , , , , , , , , , , , , ,16,335
2022247N26147,2022,66,WP,MM,MUIFA,2022/9/14 21:00,TS,31.9,121.3, , , ,main,0,0,PPOPO__________, ,WP142022,32,121.5, ,TY,60,980,0,90,90,78,80,45,40,30,43, , , , ,1004,153,25, ,32,121.3,5,58,980,9, , ,9,120,105, ,31.9,121.2,3,58,980,31.9,121.1,STS,55,980,31.9,121.3,STS,56,980,247,32,27,247,92,65, , , , , , , , , , , , , , , , , , , , , , , , , , , , , , , , , , , , , , , , , , , , , , , , , , , , , , , , , , , , , , , , , , , , , , , , , , , , , , , , , , , , , , , , , , , , , , , , , ,16,335
2022247N26147,2022,66,WP,MM,MUIFA,2022/9/15 0:00,TS,32.7,120.9,50,985,tokyo,main,0,0,OOOOO__________,jtwc_wp,WP142022,32.8,121, ,TS,55,981,0,90,90,75,80,45,45,35,35, , , , ,1002,130,25, ,32.7,121,4,50,985,0, , ,2,120,90,0,32.6,120.8,3,54,985,32.6,120.8,STS,50,984,32.7,120.9,STS,52,985,225,32,27,225,92,65, , , , , , , , , , , , , , , , , , , , , , , , , , , , , , , , , , , , , , , , , , , , , , , , , , , , , , , , , , , , , , , , , , , , , , , , , , , , , , , , , , , , , , , , , , , , , , , , , ,15,340
2022247N26147,2022,66,WP,MM,MUIFA,2022/9/15 3:00,TS,33.4,120.6, , , ,main,0,0,PPOPO__________, ,WP142022,33.5,120.7, ,TS,50,985,0,73,63,58,68,22,22,17,17, , , , ,1002,130,23, ,33.4,120.7,4,48,988,0, , ,2,120,90, ,33.3,120.5,3,48,988,33.3,120.6,STS,45,987,33.3,120.6,STS,52,985,225,32,27,225,92,65, , , , , , , , , , , , , , , , , , , , , , , , , , , , , , , , , , , , , , , , , , , , , , , , , , , , , , , , , , , , , , , , , , , , , , , , , , , , , , , , , , , , , , , , , , , , , , , , , ,14,345
2022247N26147,2022,66,WP,MM,MUIFA,2022/9/15 6:00,TS,34,120.5,45,990,tokyo,main,18,9,OOOOO__________,jtwc_wp,WP142022,34.1,120.5, ,TS,45,989,0,55,35,40,55, , , , , , , , ,1002,130,20, ,34,120.5,3,45,990,0, , ,2,120,90,0,34,120.5,2,44,990,34,120.5,TS,40,990,34,120.5,TS,47,990, , , ,225,92,65, , , , , , , , , , , , , , , , , , , , , , , , , , , , , , , , , , , , , , , , , , , , , , , , , , , , , , , , , , , , , , , , , , , , , , , , , , , , , , , , , , , , , , , , , , , , , , , , , ,13,350
2022247N26147,2022,66,WP,MM,MUIFA,2022/9/15 9:00,TS,34.7,120.4, , , ,main,43,43,PPOPO__________, ,WP142022,34.7,120.4, ,TS,43,992,0,48,33,25,43, , , , , , , , ,1002,125,20, ,34.6,120.4,3,43,991,0, , ,2,120,90, ,34.7,120.4,2,44,990,34.6,120.4,TS,40,990,34.7,120.4,TS,47,990, , , ,225,92,65, , , , , , , , , , , , , , , , , , , , , , , , , , , , , , , , , , , , , , , , , , , , , , , , , , , , , , , , , , , , , , , , , , , , , , , , , , , , , , , , , , , , , , , , , , , , , , , , , ,12,355
2022247N26147,2022,66,WP,MM,MUIFA,2022/9/15 12:00,TS,35.2,120.3,40,992,tokyo,main,57,24,OOOOO__________,jtwc_wp,WP142022,35.3,120.4, ,TS,40,995,0,40,30,10,30, , , , , , , , ,1002,120,20, ,35.2,120.4,3,40,992,0, , ,2,120,90,0,35.3,120.3,2,44,990,35.2,120.3,TS,40,990,35.2,120.3,TS,45,992, , , ,225,92,65, , , , , , , , , , , , , , , , , , , , , , , , , , , , , , , , , , , , , , , , , , , , , , , , , , , , , , , , , , , , , , , , , , , , , , , , , , , , , , , , , , , , , , , , , , , , , , , , , ,11,0
2022247N26147,2022,66,WP,MM,MUIFA,2022/9/15 15:00,TS,35.8,120.4, , , ,main,24,0,PPOPO__________, ,WP142022,35.9,120.4, ,TS,38,995,0, , , , , , , , , , , , ,1004,180,30, ,35.7,120.5,3,40,992,0, , ,2,120,90, ,35.9,120.4,2,44,990,35.8,120.4,TS,35,991,35.7,120.4,TS,45,992, , , ,225,92,65, , , , , , , , , , , , , , , , , , , , , , , , , , , , , , , , , , , , , , , , , , , , , , , , , , , , , , , , , , , , , , , , , , , , , , , , , , , , , , , , , , , , , , , , , , , , , , , , , ,12,10
2022247N26147,2022,66,WP,MM,MUIFA,2022/9/15 18:00,TS,36.4,120.6,40,992,tokyo,main,0,0,OOOOO__________,jtwc_wp,WP142022,36.5,120.6, ,TS,35,995,0, , , , , , , , , , , , ,1006,240,40, ,36.3,120.8,3,40,992,0, , ,2,120,90,0,36.5,120.5,2,44,990,36.5,120.6,TD,30,992,36.4,120.6,TS,45,992, , , ,225,92,65, , , , , , , , , , , , , , , , , , , , , , , , , , , , , , , , , , , , , , , , , , , , , , , , , , , , , , , , , , , , , , , , , , , , , , , , , , , , , , , , , , , , , , , , , , , , , , , , , ,13,15
2022247N26147,2022,66,WP,MM,MUIFA,2022/9/15 21:00,TS,37.1,120.9, , , ,main,0,0,PPO_O__________, ,WP142022,37.2,120.8, ,TS,33,996,-1, , , , , , , , , , , , ,1006,240,30, ,37,121.1,3, ,993,0, , ,2, , , ,37,120.7,2,44,990, , ,TD, , ,37.1,120.8,TS,45,992, , , ,225,92,65, , , , , , , , , , , , , , , , , , , , , , , , , , , , , , , , , , , , , , , , , , , , , , , , , , , , , , , , , , , , , , , , , , , , , , , , , , , , , , , , , , , , , , , , , , , , , , , , , ,14,20
2022247N26147,2022,66,WP,MM,MUIFA,2022/9/16 0:00,MX,37.8,121.3, ,994,tokyo,main,28,28,OOO_O__________,jtwc_wp,WP142022,37.8,121.2, ,TD,30,997,-1, , , , , , , , , , , , ,1006,240,20, ,37.7,121.5,6, ,994,0, , ,0, , ,0,37.8,121.2,2,44,990, , , , , ,37.9,121.1,L,41,994, , , , , , , , , , , , , , , , , , , , , , , , , , , , , , , , , , , , , , , , , , , , , , , , , , , , , , , , , , , , , , , , , , , , , , , , , , , , , , , , , , , , , , , , , , , , , , , , , , , , , , , ,16,30
2022247N26147,2022,66,WP,MM,MUIFA,2022/9/16 3:00,MX,38.5,121.9, , , ,main,51,22,PPO____________, ,WP142022,38.3,121.7, ,TD,28,998,-1, , , , , , , , , , , , ,1005,190,25, ,38.3,122.1,6, ,994,0, , ,0, , , ,38.8,121.9,2,44,992, , , , , , , , , , , , , , , , , , , , , , , , , , , , , , , , , , , , , , , , , , , , , , , , , , , , , , , , , , , , , , , , , , , , , , , , , , , , , , , , , , , , , , , , , , , , , , , , , , , , , , , , , , , , , , , , , ,18,35
2022247N26147,2022,66,WP,MM,MUIFA,2022/9/16 6:00,MX,39.2,122.6, ,994,tokyo,main,23,0,OOO____________,jtwc_wp,WP142022,38.9,122.3, ,TD,25,998,-1, , , , , , , , , , , , ,1003,140,30, ,39.1,122.8,6, ,994,0, , ,0, , ,0,39.6,122.5,2,38,995, , , , , , , , , , , , , , , , , , , , , , , , , , , , , , , , , , , , , , , , , , , , , , , , , , , , , , , , , , , , , , , , , , , , , , , , , , , , , , , , , , , , , , , , , , , , , , , , , , , , , , , , , , , , , , , , , ,22,35
2022247N26147,2022,66,WP,MM,MUIFA,2022/9/16 9:00,MX,40.3,123.6, , , ,main,0,0,PPO____________, ,WP142022,39.8,123.1, ,TD,20,999,-1, , , , , , , , , , , , ,1003,140,30, ,40.2,123.6,6, ,997,0, , ,0, , , ,40.6,123.8,2,38,998, , , , , , , , , , , , , , , , , , , , , , , , , , , , , , , , , , , , , , , , , , , , , , , , , , , , , , , , , , , , , , , , , , , , , , , , , , , , , , , , , , , , , , , , , , , , , , , , , , , , , , , , , , , , , , , , , ,27,35
2022247N26147,2022,66,WP,MM,MUIFA,2022/9/16 12:00,MX,41.4,124.6, ,1000,tokyo,main,0,0,OOO____________,jtwc_wp,WP142022,40.9,124, ,DB,15,999,-3, , , , , , , , , , , , ,1003,140,30, ,41.4,124.6,6, ,1000,0, , ,0, , ,0,41.5,124.7,9,29,1000, , , , , , , , , , , , , , , , , , , , , , , , , , , , , , , , , , , , , , , , , , , , , , , , , , , , , , , , , , , , , , , , , , , , , , , , , , , , , , , , , , , , , , , , , , , , , , , , , , , , , , , , , , , , , , , , , ,26,40
2022247N26147,2022,66,WP,MM,MUIFA,2022/9/16 15:00,ET,42.3,125.9, , , ,main,0,0,_PO____________, ,WP142022, , , ,DB, , ,-3, , , , , , , , , , , , , , , , ,42.3,125.8,6, ,1002,0, , ,0, , , ,42.3,126,9,25,1002, , , , , , , , , , , , , , , , , , , , , , , , , , , , , , , , , , , , , , , , , , , , , , , , , , , , , , , , , , , , , , , , , , , , , , , , , , , , , , , , , , , , , , , , , , , , , , , , , , , , , , , , , , , , , , , , , ,23,50
2022247N26147,2022,66,WP,MM,MUIFA,2022/9/16 18:00,ET,42.9,127, ,1004,tokyo,main,0,0,_OO____________, , , , , , , , ,-5, , , , , , , , , , , , , , , , ,42.9,127,6, ,1004,0, , ,0, , ,0,42.8,127.1,9,25,1002, , , , , , , , , , , , , , , , , , , , , , , , , , , , , , , , , , , , , , , , , , , , , , , , , , , , , , , , , , , , , , , , , , , , , , , , , , , , , , , , , , , , , , , , , , , , , , , , , , , , , , , , , , , , , , , , , ,19,55
2022247N26147,2022,66,WP,MM,MUIFA,2022/9/16 21:00,ET,43.4,128.1, , , ,main,0,0,_PO____________, , , , , , , , ,-5, , , , , , , , , , , , , , , , ,43.3,128.1,6, ,1005,0, , ,0, , , ,43.5,128.1,9,19,1005, , , , , , , , , , , , , , , , , , , , , , , , , , , , , , , , , , , , , , , , , , , , , , , , , , , , , , , , , , , , , , , , , , , , , , , , , , , , , , , , , , , , , , , , , , , , , , , , , , , , , , , , , , , , , , , , , ,16,65
2022247N26147,2022,66,WP,MM,MUIFA,2022/9/17 0:00,ET,43.6,129, ,1006,tokyo,main,0, ,_O_____________, , , , , , , , ,-5, , , , , , , , , , , , , , , , ,43.6,129,6, ,1006,0, , ,0, , ,0, , , , , , , , , , , , , , , , , , , , , , , , , , , , , , , , , , , , , , , , , , , , , , , , , , , , , , , , , , , , , , , , , , , , , , , , , , , , , , , , , , , , , , , , , , , , , , , , , , , , , , , , , , , , , , , , , , , , , , ,14,70
